,area,balconynum,balconysize,category,community,floor,gardennum,gardensize,id,listprice,name,onboarddate,roominfo,size,totalfloor,unitprice,totalfloornum,cname,builtyear,additionalfloor,hasservice,isinnerring,isoldcity,isfamousarea,pschool,mschool,garage,recognizedsize,isvilla,istopfloor,areaprice,communityprice,houseprice,bottomunitprice,bottomprice
17,胥江,1,48.37,普通住宅,润达新村,高,0,0.0,107102825161,370.0,润达三期，小区中间位置复式安静采光好，有大车库_苏州姑苏胥江润达新村二手房(苏州链家),2020-07-19,4室3厅,151.0, (共4层),24504,4,,2000.0,0.0,1.0,1.0,0.0,0.0,0.0,0.0,0.0,151.0,0.0,0.0,20000,-1000.0,3418.5,22418.5,338.51935
26,胥江,1,17.77,普通住宅,三香花园,高,0,0.0,107102840794,378.0,近地铁 三香花园精装四楼复式 露台朝南 业主诚心出售_苏州姑苏胥江三香花园二手房(苏州链家),2020-07-23,5室2厅,166.0, (共4层),22772,4,,2000.0,0.0,1.0,1.0,0.0,0.0,0.0,0.0,0.0,166.0,0.0,0.0,20000,-1000.0,1888.5,20888.5,346.7491
61,娄门,1,16.29,普通住宅,永林新村,高,0,0.0,107102713988,350.0,永林新村 4室2厅 350万_苏州姑苏娄门永林新村二手房(苏州链家),2020-06-24,4室2厅,158.0, (共4层),22152,4,,2000.0,0.0,1.0,1.0,1.0,0.0,0.0,0.0,0.0,158.0,0.0,0.0,21000,-1000.0,1814.5,21814.5,344.6691
84,留园西园,0,0.0,别墅,桐邨,低,1,26.12,107102760372,750.0,桐邨，下叠别墅，全新纯毛坯，带花园，有汽车库！_苏州姑苏留园西园桐邨二手房(苏州链家),2020-07-04,5室3厅,290.91, (共1层),25782,1,,2000.0,0.0,1.0,1.0,0.0,0.0,0.0,0.0,0.0,290.0,1.0,0.0,20000,-1000.0,7306.0,26306.0,710.2572700000001
103,齐门,3,28.1,普通住宅,东蒋家场,高,0,0.0,107102689301,358.0,政园小区旁，晋府别墅旁，近拙政园，四楼复式，似上叠_苏州姑苏齐门东蒋家场二手房(苏州链家),2020-06-18,4室2厅,166.0, (共4层),21567,4,东蒋家场,2001.0,0.0,0.0,1.0,1.0,1.0,0.0,0.0,0.0,166.0,1.0,0.0,23000,-3000.0,7405.0,27405.0,454.923
156,南门,2,25.08,普通住宅,西二路散盘,高,0,0.0,107102606469,260.0,总价低，地段好，交通方便 小区环境好，配套完善_苏州姑苏南门西二路散盘二手房(苏州链家),2020-05-31,4室2厅,131.25, (共4层),19810,4,,2000.0,0.0,0.0,1.0,1.0,0.0,0.0,0.0,0.0,131.0,0.0,0.0,21000,-3000.0,2254.0,20254.0,265.3274
160,南门,2,52.41,普通住宅,东大街12号院,低,0,0.0,107102607897,485.0,房东诚心出售，精装复式，车位车库齐全满二，采光充足_苏州姑苏南门东大街12号院二手房(苏州链家),2020-05-31,5室3厅,230.0, (共3层),21087,3,,2000.0,0.0,0.0,1.0,1.0,0.0,0.0,0.0,0.0,230.0,0.0,0.0,21000,-3000.0,4120.5,22120.5,496.2627775
177,留园西园,4,70.8,别墅,玖园,低,1,23.1,107102633393,880.0,市区虎丘联排 园林风格别墅 两车库车位 有钥匙_苏州姑苏留园西园玖园二手房(苏州链家),2020-06-05,5室2厅,382.5, (共2层),23007,2,,2000.0,0.0,1.0,1.0,0.0,0.0,0.0,0.0,0.0,382.0,1.0,0.0,20000,-1000.0,11695.0,30695.0,1024.992141
185,南门,3,32.059999999999995,普通住宅,盘溪新村上沙苑,高,0,0.0,107102568141,328.0,盘溪新村上沙苑，中间位置，品质房源。_苏州姑苏南门盘溪新村上沙苑二手房(苏州链家),2020-05-22,4室2厅,151.74, (共4层),21616,4,盘溪新村上沙苑,1996.0,0.0,0.0,1.0,0.0,0.0,0.0,0.0,0.0,151.0,0.0,0.0,20000,-5000.0,2603.0,17603.0,265.8053
230,胥江,1,17.74,普通住宅,银桥新村,高,0,0.0,107102544980,335.0,红房子四楼复式，带晒台，带汽车库，有钥匙，诚心出售_苏州姑苏胥江银桥新村二手房(苏州链家),2020-05-17,4室3厅,146.0, (共4层),22946,4,,2000.0,0.0,1.0,1.0,0.0,0.0,0.0,0.0,0.0,146.0,0.0,0.0,20000,-1000.0,1887.0,20887.0,304.9502
275,南门,2,24.58,普通住宅,南环一村,低,0,0.0,107102452678,299.8,南环一村 4室2厅 299.8万_苏州姑苏南门南环一村二手房(苏州链家),2020-04-27,4室2厅,151.36, (共3层),19808,3,南环一村,1996.0,0.0,0.0,1.0,0.0,0.0,0.0,0.0,0.0,151.0,0.0,0.0,20000,-5000.0,2729.0,17729.0,267.7079
293,十全街,1,20.92,普通住宅,南石皮弄,低,0,0.0,107102484587,430.0,南石皮弄 5室2厅 430万_苏州姑苏十全街南石皮弄二手房(苏州链家),2020-05-05,5室2厅,160.0, (共2层),26875,2,,2000.0,0.0,1.0,1.0,1.0,1.0,0.0,0.0,0.0,160.0,1.0,0.0,23000,-1000.0,7046.0,29046.0,464.736
305,胥江,2,30.22,普通住宅,新康花园,高,0,0.0,107102393084,392.0,4楼复式，带2个大露台。带车位和独库20平，领包入住_苏州姑苏胥江新康花园二手房(苏州链家),2020-04-15,5室2厅,183.0, (共4层),21421,4,,2000.0,0.0,1.0,1.0,0.0,0.0,0.0,0.0,0.0,183.0,0.0,0.0,20000,-1000.0,2511.0,21511.0,393.6513
312,苏州大学,3,48.84,普通住宅,东环路1199号,高,0,0.0,107102408096,470.0,空中叠加，满五年唯一，精装修，诚心出售_苏州姑苏苏州大学东环路1199号二手房(苏州链家),2020-04-18,4室2厅,239.7, (共4层),19608,4,,2000.0,0.0,0.0,1.0,0.0,0.0,0.0,0.0,0.0,239.0,0.0,0.0,20000,-3000.0,3442.0,20442.0,488.5638
368,胥江,2,47.83,普通住宅,胥馨家园,高,0,0.0,107102273595,445.8,胥江路 胥馨家园 4楼复 精装五居室 独立自行车库！_苏州姑苏胥江胥馨家园二手房(苏州链家),2020-03-20,5室2厅,216.88, (共4层),20556,4,胥馨家园,2004.0,0.0,0.0,1.0,0.0,0.0,0.0,0.0,0.0,216.0,0.0,0.0,20000,-2000.0,3391.4999999999995,21391.5,462.0564
379,胥江,2,32.3,普通住宅,小施家弄22号,高,0,0.0,107102290415,335.0,业主自住精装修四楼复式，前后带大露台 彩光好通透_苏州姑苏胥江小施家弄22号二手房(苏州链家),2020-03-24,4室2厅,147.0, (共4层),22790,4,,2000.0,0.0,0.0,1.0,0.0,0.0,0.0,0.0,0.0,147.0,0.0,0.0,20000,-3000.0,2615.0,19615.0,288.3405
389,留园西园,2,33.34,普通住宅,倪家苑,低,0,0.0,107102312545,360.0,倪家苑3楼复式 满5年 独库 好房出售_苏州姑苏留园西园倪家苑二手房(苏州链家),2020-03-29,5室2厅,209.0, (共3层),17225,3,倪家苑,2003.0,0.0,0.0,1.0,0.0,0.0,0.0,0.0,0.0,209.0,0.0,0.0,20000,-2000.0,3167.0,21167.0,442.3903
394,胥江,1,12.28,普通住宅,胥馨家园,高,0,0.0,107102158325,430.0,轻轨旁 四楼复式 带南晒台 采光好 有钥匙 随时看房_苏州姑苏胥江胥馨家园二手房(苏州链家),2020-01-13,5室3厅,235.0, (共4层),18298,4,胥馨家园,2004.0,0.0,0.0,1.0,0.0,0.0,0.0,0.0,0.0,235.0,0.0,0.0,20000,-2000.0,1614.0,19614.0,460.929
463,金门,2,48.72,普通住宅,菱塘新村二区,高,0,0.0,107102011534,430.0,稀有4楼复式.鎹30平汽车库.70平大晒台_苏州姑苏金门菱塘新村二区二手房(苏州链家),2019-11-24,5室2厅,200.0, (共4层),21500,4,菱塘新村二区,1998.0,0.0,0.0,1.0,0.0,0.0,0.0,0.0,0.0,200.0,0.0,0.0,20000,-4000.0,3436.0,19436.0,388.72
479,南门,2,22.8,普通住宅,盘福苑,高,0,0.0,107102063958,310.0,盘福苑 5室3厅 310万_苏州姑苏南门盘福苑二手房(苏州链家),2019-12-11,5室3厅,170.0, (共4层),18236,4,,2000.0,0.0,1.0,1.0,1.0,0.0,0.0,0.0,0.0,170.0,0.0,0.0,21000,-1000.0,2140.0,22140.0,376.38
489,桃花坞,0,0.0,普通住宅,马大箓巷散盘,低,3,67.56,107101890572,455.0,独门独户，一楼带院子，采光充足，上下楼层_苏州姑苏桃花坞马大箓巷散盘二手房(苏州链家),2019-10-19,4室2厅,170.0, (共1层),26765,1,,2000.0,0.0,0.0,1.0,1.0,1.0,0.0,0.0,0.0,170.0,1.0,0.0,23000,-3000.0,9378.0,29378.0,499.426
666,胥江,1,15.18,普通住宅,胥江路136号,高,0,0.0,107100910378,260.0,四楼经典复式，利用面积，适合一大家人，楼层中等。_苏州姑苏胥江胥江路136号二手房(苏州链家),2018-12-24,4室2厅,140.0, (共4层),18572,4,,2000.0,0.0,0.0,1.0,0.0,0.0,0.0,0.0,0.0,140.0,0.0,0.0,20000,-3000.0,1759.0,18759.0,262.626
763,胥江,2,26.51,普通住宅,小施家弄22号,高,0,0.0,107002111825,360.0,没有增值税，精装修，家电家具基本全留，楼层好_苏州姑苏胥江小施家弄22号二手房(苏州链家),2017-08-28,5室2厅,188.22, (共4层),19127,4,,2000.0,0.0,0.0,1.0,0.0,0.0,0.0,0.0,0.0,188.0,0.0,0.0,20000,-3000.0,2325.5,19325.5,363.3194
767,平江路,1,22.7,普通住宅,华阳花苑,高,0,0.0,107101517032,595.0,此房满五，户型好，视野宽阔，采光充足，配套设施齐全,2019-07-09,3室2厅,268.84, (共4层),22133,4,华阳花苑,2001.0,0.0,1.0,1.0,1.0,1.0,1.0,0.0,1.0,200.0,0.0,1.0,23000,0.0,5079.725487278678,28079.72548727868,555.4350587710163
